movie_name,imdb_rank,release_year,duration,genre,rating,metascore,votes,gross_profit,description,director,actors
The Shawshank Redemption,1,1994,142,Drama,9.3,81,2589992,28.34,"Two imprisoned men bond over a number of years, finding solace and eventual redemption through acts of common decency.",Frank Darabont,"Tim Robbins, Morgan Freeman, Bob Gunton, William Sadler"
The Godfather,2,1972,175,"Crime, Drama",9.2,100,1785272,134.97,The aging patriarch of an organized crime dynasty in postwar New York City transfers control of his clandestine empire to his reluctant youngest son.,Francis Ford Coppola,"Marlon Brando, Al Pacino, James Caan, Diane Keaton"
The Dark Knight,3,2008,152,"Action, Crime, Drama",9,84,2560651,534.86,"When the menace known as the Joker wreaks havoc and chaos on the people of Gotham, Batman must accept one of the greatest psychological and physical tests of his ability to fight injustice.",Christopher Nolan,"Christian Bale, Heath Ledger, Aaron Eckhart, Michael Caine"
The Lord of the Rings: The Return of the King,4,2003,201,"Action, Adventure, Drama",9,94,1779529,377.85,Gandalf and Aragorn lead the World of Men against Sauron's army to draw his gaze from Frodo and Sam as they approach Mount Doom with the One Ring.,Peter Jackson,"Elijah Wood, Viggo Mortensen, Ian McKellen, Orlando Bloom"
Schindler's List,5,1993,195,"Biography, Drama, History",9,94,1317925,96.9,"In German-occupied Poland during World War II, industrialist Oskar Schindler gradually becomes concerned for his Jewish workforce after witnessing their persecution by the Nazis.",Steven Spielberg,"Liam Neeson, Ralph Fiennes, Ben Kingsley, Caroline Goodall"
The Godfather: Part II,6,1974,202,"Crime, Drama",9,90,1232363,57.3,"The early life and career of Vito Corleone in 1920s New York City is portrayed, while his son, Michael, expands and tightens his grip on the family crime syndicate.",Francis Ford Coppola,"Al Pacino, Robert De Niro, Robert Duvall, Diane Keaton"
12 Angry Men,7,1957,96,"Crime, Drama",9,96,765038,4.36,The jury in a New York City murder trial is frustrated by a single member whose skeptical caution forces them to more carefully consider the evidence before jumping to a hasty verdict.,Sidney Lumet,"Henry Fonda, Lee J. Cobb, Martin Balsam, John Fiedler"
Jai Bhim,8,2021,164,"Crime, Drama, Mystery",8.9,,189150,25,"When a tribal man is arrested for a case of alleged theft, his wife turns to a human-rights lawyer to help bring justice.",T.J. Gnanavel,"Suriya, Lijo Mol Jose, Manikandan K., Rajisha Vijayan"
Pulp Fiction,9,1994,154,"Crime, Drama",8.9,94,1986076,107.93,"The lives of two mob hitmen, a boxer, a gangster and his wife, and a pair of diner bandits intertwine in four tales of violence and redemption.",Quentin Tarantino,"John Travolta, Uma Thurman, Samuel L. Jackson, Bruce Willis"
Inception,10,2010,148,"Action, Adventure, Sci-Fi",8.8,74,2272600,292.58,"A thief who steals corporate secrets through the use of dream-sharing technology is given the inverse task of planting an idea into the mind of a C.E.O., but his tragic past may doom the project and his team to disaster.",Christopher Nolan,"Leonardo DiCaprio, Joseph Gordon-Levitt, Elliot Page, Ken Watanabe"
The Lord of the Rings: The Two Towers,11,2002,179,"Action, Adventure, Drama",8.8,87,1607246,342.55,"While Frodo and Sam edge closer to Mordor with the help of the shifty Gollum, the divided fellowship makes a stand against Sauron's new ally, Saruman, and his hordes of Isengard.",Peter Jackson,"Elijah Wood, Ian McKellen, Viggo Mortensen, Orlando Bloom"
Fight Club,12,1999,139,Drama,8.8,66,2038920,37.03,An insomniac office worker and a devil-may-care soap maker form an underground fight club that evolves into much more.,David Fincher,"Brad Pitt, Edward Norton, Meat Loaf, Zach Grenier"
The Lord of the Rings: The Fellowship of the Ring,13,2001,178,"Action, Adventure, Drama",8.8,92,1800765,315.54,A meek Hobbit from the Shire and eight companions set out on a journey to destroy the powerful One Ring and save Middle-earth from the Dark Lord Sauron.,Peter Jackson,"Elijah Wood, Ian McKellen, Orlando Bloom, Sean Bean"
Forrest Gump,14,1994,142,"Drama, Romance",8.8,82,1998854,330.25,"The presidencies of Kennedy and Johnson, the Vietnam War, the Watergate scandal and other historical events unfold from the perspective of an Alabama man with an IQ of 75, whose only desire is to be reunited with his childhood sweetheart.",Robert Zemeckis,"Tom Hanks, Robin Wright, Gary Sinise, Sally Field"
"The Good, the Bad and the Ugly",15,1966,161,"Adventure, Western",8.8,90,743361,6.1,A bounty hunting scam joins two men in an uneasy alliance against a third in a race to find a fortune in gold buried in a remote cemetery.,Sergio Leone,"Clint Eastwood, Eli Wallach, Lee Van Cleef, Aldo Giuffrè"
K.G.F: Chapter 2,16,2022,168,"Action, Crime, Drama",8.7,,99329,,"In the blood-soaked Kolar Gold Fields, Rocky's name strikes fear into his foes. While his allies look up to him, the government sees him as a threat to law and order. Rocky must battle threats from all sides for unchallenged supremacy.",Prashanth Neel,"Yash, Sanjay Dutt, Raveena Tandon, Srinidhi Shetty"
Soorarai Pottru,17,2020,153,Drama,8.7,,110327,,"Nedumaaran Rajangam ""Maara"" sets out to make the common man fly and in the process takes on the world's most capital intensive industry and several enemies who stand in his way.",Sudha Kongara,"Suriya, Paresh Rawal, Aparna Balamurali, Gaurav Pareek"
The Matrix,18,1999,136,"Action, Sci-Fi",8.7,73,1860736,171.48,"When a beautiful stranger leads computer hacker Neo to a forbidding underworld, he discovers the shocking truth--the life he knows is the elaborate deception of an evil cyber-intelligence.","Lana Wachowski, Lilly Wachowski","Keanu Reeves, Laurence Fishburne, Carrie-Anne Moss, Hugo Weaving"
Goodfellas,19,1990,145,"Biography, Crime, Drama",8.7,90,1117228,46.84,"The story of Henry Hill and his life in the mob, covering his relationship with his wife Karen Hill and his mob partners Jimmy Conway and Tommy DeVito in the Italian-American crime syndicate.",Martin Scorsese,"Robert De Niro, Ray Liotta, Joe Pesci, Lorraine Bracco"
Star Wars: Episode V - The Empire Strikes Back,20,1980,124,"Action, Adventure, Fantasy",8.7,82,1252367,290.48,"After the Rebels are brutally overpowered by the Empire on the ice planet Hoth, Luke Skywalker begins Jedi training with Yoda, while his friends are pursued across the galaxy by Darth Vader and bounty hunter Boba Fett.",Irvin Kershner,"Mark Hamill, Harrison Ford, Carrie Fisher, Billy Dee Williams"
One Flew Over the Cuckoo's Nest,21,1975,133,Drama,8.7,84,984304,112,"A criminal pleads insanity and is admitted to a mental institution, where he rebels against the oppressive nurse and rallies up the scared patients.",Milos Forman,"Jack Nicholson, Louise Fletcher, Michael Berryman, Peter Brocco"
Interstellar,22,2014,169,"Adventure, Drama, Sci-Fi",8.6,74,1732851,188.02,A team of explorers travel through a wormhole in space in an attempt to ensure humanity's survival.,Christopher Nolan,"Matthew McConaughey, Anne Hathaway, Jessica Chastain, Mackenzie Foy"
City of God,23,2002,130,"Crime, Drama",8.6,79,741765,7.56,"In the slums of Rio, two kids' paths diverge as one struggles to become a photographer and the other a kingpin.","Fernando Meirelles, Kátia Lund","Alexandre Rodrigues, Leandro Firmino, Matheus Nachtergaele, Phellipe Haagensen"
Spirited Away,24,2001,125,"Animation, Adventure, Family",8.6,96,733355,10.06,"During her family's move to the suburbs, a sullen 10-year-old girl wanders into a world ruled by gods, witches, and spirits, and where humans are changed into beasts.",Hayao Miyazaki,"Daveigh Chase, Suzanne Pleshette, Miyu Irino, Rumi Hiiragi"
Saving Private Ryan,25,1998,169,"Drama, War",8.6,91,1348246,216.54,"Following the Normandy Landings, a group of U.S. soldiers go behind enemy lines to retrieve a paratrooper whose brothers have been killed in action.",Steven Spielberg,"Tom Hanks, Matt Damon, Tom Sizemore, Edward Burns"
The Green Mile,26,1999,189,"Crime, Drama, Fantasy",8.6,61,1259030,136.8,"The lives of guards on Death Row are affected by one of their charges: a black man accused of child murder and rape, yet who has a mysterious gift.",Frank Darabont,"Tom Hanks, Michael Clarke Duncan, David Morse, Bonnie Hunt"
Life is Beautiful,27,1997,116,"Comedy, Drama, Romance",8.6,59,677225,57.6,"When an open-minded Jewish waiter and his son become victims of the Holocaust, he uses a perfect mixture of will, humor, and imagination to protect his son from the dangers around their camp.",Roberto Benigni,"Roberto Benigni, Nicoletta Braschi, Giorgio Cantarini, Giustino Durano"
Se7en,28,1995,127,"Crime, Drama, Mystery",8.6,65,1589282,100.13,"Two detectives, a rookie and a veteran, hunt a serial killer who uses the seven deadly sins as his motives.",David Fincher,"Morgan Freeman, Brad Pitt, Kevin Spacey, Andrew Kevin Walker"
Terminator 2: Judgment Day,29,1991,137,"Action, Sci-Fi",8.6,75,1069305,204.84,"A cyborg, identical to the one who failed to kill Sarah Connor, must now protect her ten-year-old son John from a more advanced and powerful cyborg.",James Cameron,"Arnold Schwarzenegger, Linda Hamilton, Edward Furlong, Robert Patrick"
The Silence of the Lambs,30,1991,118,"Crime, Drama, Thriller",8.6,85,1386759,130.74,"A young F.B.I. cadet must receive the help of an incarcerated and manipulative cannibal killer to help catch another serial killer, a madman who skins his victims.",Jonathan Demme,"Jodie Foster, Anthony Hopkins, Lawrence A. Bonney, Kasi Lemmons"
Star Wars,31,1977,121,"Action, Adventure, Fantasy",8.6,90,1323915,322.74,"Luke Skywalker joins forces with a Jedi Knight, a cocky pilot, a Wookiee and two droids to save the galaxy from the Empire's world-destroying battle station, while also attempting to rescue Princess Leia from the mysterious Darth Vader.",George Lucas,"Mark Hamill, Harrison Ford, Carrie Fisher, Alec Guinness"
Harakiri,32,1962,133,"Action, Drama, Mystery",8.6,85,54032,4,"When a ronin requesting seppuku at a feudal lord's palace is told of the brutal suicide of another ronin who previously visited, he reveals how their pasts are intertwined - and in doing so challenges the clan's integrity.",Masaki Kobayashi,"Tatsuya Nakadai, Akira Ishihama, Shima Iwashita, Tetsurô Tanba"
Seven Samurai,33,1954,207,"Action, Drama",8.6,98,339391,0.27,A poor village under attack by bandits recruits seven unemployed samurai to help them defend themselves.,Akira Kurosawa,"Toshirô Mifune, Takashi Shimura, Keiko Tsushima, Yukiko Shimazaki"
It's a Wonderful Life,34,1946,130,"Drama, Family, Fantasy",8.6,89,445306,2,An angel is sent from Heaven to help a desperately frustrated businessman by showing him what life would have been like if he had never existed.,Frank Capra,"James Stewart, Donna Reed, Lionel Barrymore, Thomas Mitchell"
Asuran,35,2019,141,"Action, Drama",8.5,,26443,,"The teenage son of a farmer from an underprivileged caste kills a rich, upper caste landlord. Will the farmer, a loving father and a pacifist by heart, be able to save his hot-blooded son is the rest of the story.",Vetrimaaran,"Dhanush, Manju Warrier, Prakash Raj, Pasupathy"
Parasite,36,2019,132,"Comedy, Drama, Thriller",8.5,96,745120,53.37,Greed and class discrimination threaten the newly formed symbiotic relationship between the wealthy Park family and the destitute Kim clan.,Bong Joon Ho,"Kang-ho Song, Sun-kyun Lee, Yeo-jeong Cho, Choi Woo-sik"
Everything Everywhere All at Once,37,2022,139,"Action, Adventure, Comedy",8.5,81,69533,6,"An aging Chinese immigrant is swept up in an insane adventure, where she alone can save the world by exploring other universes connecting with the lives she could have led.","Dan Kwan, Daniel Scheinert","Michelle Yeoh, Stephanie Hsu, Ke Huy Quan, James Hong"
Whiplash,38,2014,106,"Drama, Music",8.5,88,810070,13.09,A promising young drummer enrolls at a cut-throat music conservatory where his dreams of greatness are mentored by an instructor who will stop at nothing to realize a student's potential.,Damien Chazelle,"Miles Teller, J.K. Simmons, Melissa Benoist, Paul Reiser"
Untouchable,39,2011,112,"Biography, Comedy, Drama",8.5,57,832668,13.18,"After he becomes a quadriplegic from a paragliding accident, an aristocrat hires a young man from the projects to be his caregiver.","Olivier Nakache, Éric Toledano","François Cluzet, Omar Sy, Anne Le Ny, Audrey Fleurot"
Sardar Udham,40,2021,164,"Biography, Crime, Drama",8.5,,39407,,A biopic detailing the 2 decades that Punjabi Sikh revolutionary Udham Singh spent planning the assassination of the man responsible for the Jallianwala Bagh massacre.,Shoojit Sircar,"Vicky Kaushal, Shaun Scott, Stephen Hogan, Amol Parashar"
The Prestige,41,2006,130,"Drama, Mystery, Thriller",8.5,66,1295124,53.09,"After a tragic accident, two stage magicians in 1890s London engage in a battle to create the ultimate illusion while sacrificing everything they have to outwit each other.",Christopher Nolan,"Christian Bale, Hugh Jackman, Scarlett Johansson, Michael Caine"
The Departed,42,2006,151,"Crime, Drama, Thriller",8.5,85,1287483,132.38,An undercover cop and a mole in the police attempt to identify each other while infiltrating an Irish gang in South Boston.,Martin Scorsese,"Leonardo DiCaprio, Matt Damon, Jack Nicholson, Mark Wahlberg"
The Pianist,43,2002,150,"Biography, Drama, Music",8.5,85,806099,32.57,A Polish Jewish musician struggles to survive the destruction of the Warsaw ghetto of World War II.,Roman Polanski,"Adrien Brody, Thomas Kretschmann, Frank Finlay, Emilia Fox"
Gladiator,44,2000,155,"Action, Adventure, Drama",8.5,67,1455572,187.71,A former Roman General sets out to exact vengeance against the corrupt emperor who murdered his family and sent him into slavery.,Ridley Scott,"Russell Crowe, Joaquin Phoenix, Connie Nielsen, Oliver Reed"
American History X,45,1998,119,Drama,8.5,62,1097270,6.72,A former neo-nazi skinhead tries to prevent his younger brother from going down the same wrong path that he did.,Tony Kaye,"Edward Norton, Edward Furlong, Beverly D'Angelo, Jennifer Lien"
The Usual Suspects,46,1995,106,"Crime, Drama, Mystery",8.5,77,1061501,23.34,"A sole survivor tells of the twisty events leading up to a horrific gun battle on a boat, which began when five criminals met at a seemingly random police lineup.",Bryan Singer,"Kevin Spacey, Gabriel Byrne, Chazz Palminteri, Stephen Baldwin"
Leon,47,1994,110,"Action, Crime, Drama",8.5,64,1127715,19.5,"12-year-old Mathilda is reluctantly taken in by Léon, a professional assassin, after her family is murdered. An unusual relationship forms as she becomes his protégée and learns the assassin's trade.",Luc Besson,"Jean Reno, Gary Oldman, Natalie Portman, Danny Aiello"
The Lion King,48,1994,88,"Animation, Adventure, Drama",8.5,88,1025697,422.78,"Lion prince Simba and his father are targeted by his bitter uncle, who wants to ascend the throne himself.","Roger Allers, Rob Minkoff","Matthew Broderick, Jeremy Irons, James Earl Jones, Whoopi Goldberg"
Cinema Paradiso,49,1988,155,"Drama, Romance",8.5,80,254932,11.99,A filmmaker recalls his childhood when falling in love with the pictures at the cinema of his home village and forms a deep friendship with the cinema's projectionist.,Giuseppe Tornatore,"Philippe Noiret, Enzo Cannavale, Antonella Attili, Isa Danieli"
Grave of the Fireflies,50,1988,89,"Animation, Drama, War",8.5,94,267242,4,A young boy and his little sister struggle to survive in Japan during World War II.,Isao Takahata,"Tsutomu Tatsumi, Ayano Shiraishi, Akemi Yamaguchi, Yoshiko Shinohara"
Back to the Future,51,1985,116,"Adventure, Comedy, Sci-Fi",8.5,87,1161986,210.61,"Marty McFly, a 17-year-old high school student, is accidentally sent thirty years into the past in a time-traveling DeLorean invented by his close friend, the eccentric scientist Doc Brown.",Robert Zemeckis,"Michael J. Fox, Christopher Lloyd, Lea Thompson, Crispin Glover"
Apocalypse Now,52,1979,147,"Drama, Mystery, War",8.5,94,651737,83.47,A U.S. Army officer serving in Vietnam is tasked with assassinating a renegade Special Forces Colonel who sees himself as a god.,Francis Ford Coppola,"Martin Sheen, Marlon Brando, Robert Duvall, Frederic Forrest"
Alien,53,1979,117,"Horror, Sci-Fi",8.5,89,854753,78.9,The crew of a commercial spacecraft encounter a deadly lifeform after investigating an unknown transmission.,Ridley Scott,"Sigourney Weaver, Tom Skerritt, John Hurt, Veronica Cartwright"
Once Upon a Time in the West,54,1968,165,Western,8.5,80,323584,5.32,A mysterious stranger with a harmonica joins forces with a notorious desperado to protect a beautiful widow from a ruthless assassin working for the railroad.,Sergio Leone,"Henry Fonda, Charles Bronson, Claudia Cardinale, Jason Robards"
Psycho,55,1960,109,"Horror, Mystery, Thriller",8.5,97,653914,32,"A Phoenix secretary embezzles $40,000 from her employer's client, goes on the run, and checks into a remote motel run by a young man under the domination of his mother.",Alfred Hitchcock,"Anthony Perkins, Janet Leigh, Vera Miles, John Gavin"
Rear Window,56,1954,112,"Mystery, Thriller",8.5,100,481033,36.76,"A wheelchair-bound photographer spies on his neighbors from his Greenwich Village courtyard apartment window, and becomes convinced one of them has committed murder, despite the skepticism of his fashion-model girlfriend.",Alfred Hitchcock,"James Stewart, Grace Kelly, Wendell Corey, Thelma Ritter"
Casablanca,57,1942,102,"Drama, Romance, War",8.5,100,559976,1.02,A cynical expatriate American cafe owner struggles to decide whether or not to help his former lover and her fugitive husband escape the Nazis in French Morocco.,Michael Curtiz,"Humphrey Bogart, Ingrid Bergman, Paul Henreid, Claude Rains"
Modern Times,58,1936,87,"Comedy, Drama, Romance",8.5,96,237525,0.16,The Tramp struggles to live in modern industrial society with the help of a young homeless woman.,Charles Chaplin,"Charles Chaplin, Paulette Goddard, Henry Bergman, Tiny Sandford"
City Lights,59,1931,87,"Comedy, Drama, Romance",8.5,99,181746,0.02,"With the aid of a wealthy erratic tippler, a dewy-eyed tramp who has fallen in love with a sightless flower girl accumulates money to be able to help her medically.",Charles Chaplin,"Charles Chaplin, Virginia Cherrill, Florence Lee, Harry Myers"
Hamilton,60,2020,160,"Biography, Drama, History",8.4,90,87494,11,"The real life of one of America's foremost founding fathers and first Secretary of the Treasury, Alexander Hamilton. Captured live on Broadway from the Richard Rodgers Theater with the original Broadway cast.",Thomas Kail,"Lin-Manuel Miranda, Phillipa Soo, Leslie Odom Jr., Renée Elise Goldsberry"
Capernaum,61,2018,126,Drama,8.4,75,84895,1.66,"While serving a five-year sentence for a violent crime, a 12-year-old boy sues his parents for neglect.",Nadine Labaki,"Zain Al Rafeea, Yordanos Shiferaw, Boluwatife Treasure Bankole, Kawsar Al Haddad"
Joker,62,2019,122,"Crime, Drama, Thriller",8.4,59,1194677,335.45,A mentally troubled stand-up comedian embarks on a downward spiral that leads to the creation of an iconic villain.,Todd Phillips,"Joaquin Phoenix, Robert De Niro, Zazie Beetz, Frances Conroy"
96,63,2018,158,"Drama, Romance",8.4,,28666,,Two high school sweethearts meet at a reunion after 22 years and reminisce about their past.,C. Prem Kumar,"Vijay Sethupathi, Adithya Bhaskar, Trisha Krishnan, Gouri Kishan"
Your Name.,64,2016,106,"Animation, Drama, Fantasy",8.4,79,251253,5.02,"Two strangers find themselves linked in a bizarre way. When a connection forms, will distance be the only thing to keep them apart?",Makoto Shinkai,"Ryûnosuke Kamiki, Mone Kamishiraishi, Ryô Narita, Aoi Yûki"
Spider-Man: Into the Spider-Verse,65,2018,117,"Animation, Action, Adventure",8.4,87,491617,190.24,"Teen Miles Morales becomes the Spider-Man of his universe, and must join with five spider-powered individuals from other dimensions to stop a threat for all realities.","Bob Persichetti, Peter Ramsey, Rodney Rothman","Shameik Moore, Jake Johnson, Hailee Steinfeld, Mahershala Ali"
Avengers: Endgame,66,2019,181,"Action, Adventure, Drama",8.4,78,1055067,858.37,"After the devastating events of Avengers: Infinity War (2018), the universe is in ruins. With the help of remaining allies, the Avengers assemble once more in order to reverse Thanos' actions and restore balance to the universe.","Anthony Russo, Joe Russo","Robert Downey Jr., Chris Evans, Mark Ruffalo, Chris Hemsworth"
Avengers: Infinity War,67,2018,149,"Action, Adventure, Sci-Fi",8.4,68,1016687,678.82,The Avengers and their allies must be willing to sacrifice all in an attempt to defeat the powerful Thanos before his blitz of devastation and ruin puts an end to the universe.,"Anthony Russo, Joe Russo","Robert Downey Jr., Chris Hemsworth, Mark Ruffalo, Chris Evans"
Coco,68,2017,105,"Animation, Adventure, Comedy",8.4,81,478209,209.73,"Aspiring musician Miguel, confronted with his family's ancestral ban on music, enters the Land of the Dead to find his great-great-grandfather, a legendary singer.","Lee Unkrich, Adrian Molina","Anthony Gonzalez, Gael García Bernal, Benjamin Bratt, Alanna Ubach"
Django Unchained,69,2012,165,"Drama, Western",8.4,81,1497093,162.81,"With the help of a German bounty-hunter, a freed slave sets out to rescue his wife from a brutal plantation-owner in Mississippi.",Quentin Tarantino,"Jamie Foxx, Christoph Waltz, Leonardo DiCaprio, Kerry Washington"
The Dark Knight Rises,70,2012,164,"Action, Crime, Drama",8.4,78,1654755,448.14,"Eight years after the Joker's reign of anarchy, Batman, with the help of the enigmatic Catwoman, is forced from his exile to save Gotham City from the brutal guerrilla terrorist Bane.",Christopher Nolan,"Christian Bale, Tom Hardy, Anne Hathaway, Gary Oldman"
Drishyam 2,71,2021,152,"Crime, Drama, Thriller",8.4,,34927,,A gripping tale of an investigation and a family which is threatened by it. Will Georgekutty be able to protect his family this time?,Jeethu Joseph,"Mohanlal, Meena, Ansiba, Esther Anil"
3 Idiots,72,2009,170,"Comedy, Drama",8.4,67,386570,6.53,"Two friends are searching for their long lost companion. They revisit their college days and recall the memories of their friend who inspired them to think differently, even as the rest of the world called them ""idiots"".",Rajkumar Hirani,"Aamir Khan, Madhavan, Mona Singh, Sharman Joshi"
Shershaah,73,2021,135,"Action, Biography, Drama",8.4,,117072,,"The story of PVC awardee Indian soldier Capt. Vikram Batra, who shot to fame and became a household name during the Kargil War in 1999.",Vishnuvardhan,"Sidharth Malhotra, Kiara Advani, Shiv Panditt, Pranay Pachauri"
WALL-E,74,2008,98,"Animation, Adventure, Family",8.4,95,1085057,223.81,"In the distant future, a small waste-collecting robot inadvertently embarks on a space journey that will ultimately decide the fate of mankind.",Andrew Stanton,"Ben Burtt, Elissa Knight, Jeff Garlin, Fred Willard"
The Lives of Others,75,2006,137,"Drama, Mystery, Thriller",8.4,89,383548,11.29,"In 1984 East Berlin, an agent of the secret police, conducting surveillance on a writer and his lover, finds himself becoming increasingly absorbed by their lives.",Florian Henckel von Donnersmarck,"Ulrich Mühe, Martina Gedeck, Sebastian Koch, Ulrich Tukur"
Oldboy,76,2003,120,"Action, Drama, Mystery",8.4,77,562554,0.71,"After being kidnapped and imprisoned for fifteen years, Oh Dae-Su is released, only to find that he must find his captor in five days.",Park Chan-wook,"Choi Min-sik, Yoo Ji-Tae, Kang Hye-jeong, Kim Byeong-Ok"
Memento,77,2000,113,"Mystery, Thriller",8.4,80,1208215,25.54,A man with short-term memory loss attempts to track down his wife's murderer.,Christopher Nolan,"Guy Pearce, Carrie-Anne Moss, Joe Pantoliano, Mark Boone Junior"
American Beauty,78,1999,122,Drama,8.4,84,1132660,130.1,A sexually frustrated suburban father has a mid-life crisis after becoming infatuated with his daughter's best friend.,Sam Mendes,"Kevin Spacey, Annette Bening, Thora Birch, Wes Bentley"
Princess Mononoke,79,1997,134,"Animation, Action, Adventure",8.4,76,382577,2.38,"On a journey to find the cure for a Tatarigami's curse, Ashitaka finds himself in the middle of a war between the forest gods and Tatara, a mining colony. In this quest he also meets San, the Mononoke Hime.",Hayao Miyazaki,"Yôji Matsuda, Yuriko Ishida, Yûko Tanaka, Billy Crudup"
Braveheart,80,1995,178,"Biography, Drama, History",8.4,68,1017711,75.6,Scottish warrior William Wallace leads his countrymen in a rebellion to free his homeland from the tyranny of King Edward I of England.,Mel Gibson,"Mel Gibson, Sophie Marceau, Patrick McGoohan, Angus Macfadyen"
Come and See,81,1985,142,"Drama, Thriller, War",8.4,,75155,10,"After finding an old rifle, a young boy joins the Soviet resistance movement against ruthless German forces and experiences the horrors of World War II.",Elem Klimov,"Aleksey Kravchenko, Olga Mironova, Liubomiras Laucevicius, Vladas Bagdonas"
Aliens,82,1986,137,"Action, Adventure, Sci-Fi",8.4,84,700187,85.16,"Fifty-seven years after surviving an apocalyptic attack aboard her space vessel by merciless space creatures, Officer Ripley awakens from hyper-sleep and tries to warn anyone who will listen about the predators.",James Cameron,"Sigourney Weaver, Michael Biehn, Carrie Henn, Paul Reiser"
Amadeus,83,1984,160,"Biography, Drama, Music",8.4,88,393823,51.97,"The life, success and troubles of Wolfgang Amadeus Mozart, as told by Antonio Salieri, the contemporaneous composer who was insanely jealous of Mozart's talent and claimed to have murdered him.",Milos Forman,"F. Murray Abraham, Tom Hulce, Elizabeth Berridge, Roy Dotrice"
Raiders of the Lost Ark,84,1981,115,"Action, Adventure",8.4,85,944326,248.16,"In 1936, archaeologist and adventurer Indiana Jones is hired by the U.S. government to find the Ark of the Covenant before Adolf Hitler's Nazis can obtain its awesome powers.",Steven Spielberg,"Harrison Ford, Karen Allen, Paul Freeman, John Rhys-Davies"
Das Boot,85,1981,149,"Drama, War",8.4,86,247241,11.49,"The claustrophobic world of a WWII German U-boat; boredom, filth and sheer terror.",Wolfgang Petersen,"Jürgen Prochnow, Herbert Grönemeyer, Klaus Wennemann, Hubertus Bengsch"
The Shining,86,1980,146,"Drama, Horror",8.4,66,986412,44.02,"A family heads to an isolated hotel for the winter where a sinister presence influences the father into violence, while his psychic son sees horrific forebodings from both past and future.",Stanley Kubrick,"Jack Nicholson, Shelley Duvall, Danny Lloyd, Scatman Crothers"
High and Low,87,1963,143,"Crime, Drama, Mystery",8.4,,42908,9,An executive of a Yokohama shoe company becomes a victim of extortion when his chauffeur's son is kidnapped by mistake and held for ransom.,Akira Kurosawa,"Toshirô Mifune, Yutaka Sada, Tatsuya Nakadai, Kyôko Kagawa"
Dr. Strangelove or: How I Learned to Stop Worrying and Love the Bomb,88,1964,95,"Comedy, War",8.4,97,480744,0.28,"An insane American general orders a bombing attack on the Soviet Union, triggering a path to nuclear holocaust that a war room full of politicians and generals frantically tries to stop.",Stanley Kubrick,"Peter Sellers, George C. Scott, Sterling Hayden, Keenan Wynn"
Witness for the Prosecution,89,1957,116,"Crime, Drama, Mystery",8.4,,122270,8.18,A veteran British barrister must defend his client in a murder trial that has surprise after surprise.,Billy Wilder,"Tyrone Power, Marlene Dietrich, Charles Laughton, Elsa Lanchester"
Paths of Glory,90,1957,88,"Drama, War",8.4,90,193571,6,"After refusing to attack an enemy position, a general accuses the soldiers of cowardice and their commanding officer must defend them.",Stanley Kubrick,"Kirk Douglas, Ralph Meeker, Adolphe Menjou, George Macready"
Sunset Blvd.,91,1950,110,"Drama, Film-Noir",8.4,,217827,5,A screenwriter develops a dangerous relationship with a faded film star determined to make a triumphant return.,Billy Wilder,"William Holden, Gloria Swanson, Erich von Stroheim, Nancy Olson"
The Great Dictator,92,1940,125,"Comedy, Drama, War",8.4,,220321,0.29,Dictator Adenoid Hynkel tries to expand his empire while a poor Jewish barber tries to avoid persecution from Hynkel's regime.,Charles Chaplin,"Charles Chaplin, Paulette Goddard, Jack Oakie, Reginald Gardiner"
RRR (Rise Roar Revolt),93,2022,187,"Action, Drama",8.3,87,67831,,A fictitious story about two legendary revolutionaries and their journey away from home before they started fighting for their country in 1920's.,S.S. Rajamouli,"N.T. Rama Rao Jr., Ram Charan, Ajay Devgn, Alia Bhatt"
Raatchasan,94,2018,170,"Crime, Drama, Mystery",8.3,,39480,,A sub-inspector sets out in pursuit of a mysterious serial killer who targets teen school girls and murders them brutally.,Ram Kumar,"Vishnu Vishal, Amala Paul, Radha Ravi, Sangili Murugan"
Ayla: The Daughter of War,95,2017,125,"Biography, Drama, History",8.3,,38942,,"In 1950, amid-st the ravages of the Korean War, Sergeant Süleyman stumbles upon a half-frozen little girl, with no parents and no help in sight. Frantic, scared and on the verge of death, ...                See full summary »","Can Ulkay, Halenur Uzunoglu","Çetin Tekindor, Ismail Hacioglu, Kyung-jin Lee, Kim Seol"
Dangal,96,2016,161,"Action, Biography, Drama",8.3,,183146,12.39,Former wrestler Mahavir Singh Phogat and his two wrestler daughters struggle towards glory at the Commonwealth Games in the face of societal oppression.,Nitesh Tiwari,"Aamir Khan, Sakshi Tanwar, Fatima Sana Shaikh, Sanya Malhotra"
Drishyam,97,2013,160,"Crime, Drama, Thriller",8.3,,40414,,A man goes to extreme lengths to save his family from punishment after the family commits an accidental crime.,Jeethu Joseph,"Mohanlal, Meena, Asha Sharath, Ansiba"
The Hunt,98,2012,115,Drama,8.3,77,320028,0.69,"A teacher lives a lonely life, all the while struggling over his son's custody. His life slowly gets better as he finds love and receives good news from his son, but his new luck is about to be brutally shattered by an innocent little lie.",Thomas Vinterberg,"Mads Mikkelsen, Thomas Bo Larsen, Annika Wedderkopp, Lasse Fogelstrøm"
A Separation,99,2011,123,Drama,8.3,95,241548,7.1,A married couple are faced with a difficult decision - to improve the life of their child by moving to another country or to stay in Iran and look after a deteriorating parent who has Alzheimer's disease.,Asghar Farhadi,"Payman Maadi, Leila Hatami, Sareh Bayat, Shahab Hosseini"
Incendies,100,2010,131,"Drama, Mystery, War",8.3,80,172342,6.86,Twins journey to the Middle East to discover their family history and fulfill their mother's last wishes.,Denis Villeneuve,"Lubna Azabal, Mélissa Désormeaux-Poulin, Maxim Gaudette, Mustafa Kamel"